seed,source_timestep,target_timestep,total_depth,reset_depth,oracle_error,free_error,reset_error,free_minus_oracle,reset_minus_oracle,reset_gain,pre_reset_state_gap,recovery_ratio
0,90,82,4,1,0.0026402014773339033,0.002793342573568225,0.0027465284802019596,0.0001531410962343216,0.0001063270028680563,4.68140933662653e-05,8.873737897374667e-06,0.3056925575002737
0,90,82,4,2,0.0026402014773339033,0.002793342573568225,0.0027070031501352787,0.0001531410962343216,6.680167280137539e-05,8.63394234329462e-05,2.946069980680477e-05,0.5637900312587422
0,90,82,4,3,0.0026402014773339033,0.002793342573568225,0.0026727800723165274,0.0001531410962343216,3.2578594982624054e-05,0.00012056250125169754,5.657464134856127e-05,0.7872641911040296
0,90,74,8,2,0.0013204205315560102,0.0014599935384467244,0.0014116246020421386,0.00013957300689071417,9.120407048612833e-05,4.836893640458584e-05,2.946069980680477e-05,0.3465493613851765
0,90,74,8,4,0.0013204205315560102,0.0014599935384467244,0.0013742679730057716,0.00013957300689071417,5.384744144976139e-05,8.572556544095278e-05,8.723850623937324e-05,0.6141987433721765
0,90,74,8,6,0.0013204205315560102,0.0014599935384467244,0.0013443330535665154,0.00013957300689071417,2.39125220105052e-05,0.00011566048488020897,0.00015311020251829177,0.8286737346768724
0,90,58,16,4,0.0005424104165285826,0.0006479723961092532,0.0006073161493986845,0.0001055619795806706,6.490573287010193e-05,4.0656246710568666e-05,8.723850623937324e-05,0.38514100315349914
0,90,58,16,8,0.0005424104165285826,0.0006479723961092532,0.0005809922586195171,0.0001055619795806706,3.8581842090934515e-05,6.698013748973608e-05,0.00021990283858031034,0.6345100551903706
0,90,58,16,12,0.0005424104165285826,0.0006479723961092532,0.0005604529287666082,0.0001055619795806706,1.8042512238025665e-05,8.751946734264493e-05,0.00034185187541879714,0.82908133866287
0,50,42,4,1,0.00031411630334332585,0.00033057082328014076,0.0003264593833591789,1.6454519936814904e-05,1.2343080015853047e-05,4.111439920961857e-06,7.972509479259315e-07,0.24986690202751105
0,50,42,4,2,0.00031411630334332585,0.00033057082328014076,0.00032248697243630886,1.6454519936814904e-05,8.370669092983007e-06,8.083850843831897e-06,3.0863488973409403e-06,0.49128451482472635
0,50,42,4,3,0.00031411630334332585,0.00033057082328014076,0.0003184100496582687,1.6454519936814904e-05,4.293746314942837e-06,1.2160773621872067e-05,6.7097316787112504e-06,0.7390536866811822
0,50,34,8,2,0.0002526077732909471,0.0002884469286072999,0.0002804152318276465,3.5839155316352844e-05,2.7807458536699414e-05,8.03169677965343e-06,3.0863488973409403e-06,0.22410396419105036
0,50,34,8,4,0.0002526077732909471,0.0002884469286072999,0.00027182139456272125,3.5839155316352844e-05,1.9213621271774173e-05,1.662553404457867e-05,1.1502289453346748e-05,0.4638930214126085
0,50,34,8,6,0.0002526077732909471,0.0002884469286072999,0.0002623432665131986,3.5839155316352844e-05,9.735493222251534e-06,2.610366209410131e-05,2.4089351427392103e-05,0.728355952133465
0,50,18,16,4,0.00015474770043510944,0.0002483951975591481,0.00023051291645970196,9.364749712403864e-05,7.576521602459252e-05,1.7882281099446118e-05,1.1502289453346748e-05,0.1909531129888133
0,50,18,16,8,0.00015474770043510944,0.0002483951975591481,0.00020961754489690065,9.364749712403864e-05,5.486984446179122e-05,3.877765266224742e-05,3.990951518062502e-05,0.4140810363664645
0,50,18,16,12,0.00015474770043510944,0.0002483951975591481,0.0001847939711296931,9.364749712403864e-05,3.0046270694583654e-05,6.360122642945498e-05,7.788373477524146e-05,0.679155646255163
0,40,32,4,1,0.00023920300009194762,0.00025945715606212616,0.00025459908647462726,2.0254155970178545e-05,1.539608638267964e-05,4.858069587498903e-06,8.041926662372134e-07,0.23985544471227246
0,40,32,4,2,0.00023920300009194762,0.00025945715606212616,0.0002496048400644213,2.0254155970178545e-05,1.0401839972473681e-05,9.852315997704864e-06,3.145699565720861e-06,0.48643429092829354
0,40,32,4,3,0.00023920300009194762,0.00025945715606212616,0.0002445887657813728,2.0254155970178545e-05,5.38576568942517e-06,1.4868390280753374e-05,6.897766979818698e-06,0.7340908356114682
0,40,24,8,2,0.0001903205265989527,0.00023660082661081105,0.00022645619173999876,4.6280300011858344e-05,3.613566514104605e-05,1.0144634870812297e-05,3.145699565720861e-06,0.21919985108594692
0,40,24,8,4,0.0001903205265989527,0.00023660082661081105,0.00021548215590883046,4.6280300011858344e-05,2.5161629309877753e-05,2.111867070198059e-05,1.1933982932532672e-05,0.45632095506229176
0,40,24,8,6,0.0001903205265989527,0.00023660082661081105,0.00020345950906630605,4.6280300011858344e-05,1.3138982467353344e-05,3.3141317544505e-05,2.5501212803646922e-05,0.7160998856103621
0,40,8,16,4,9.328449232270941e-05,0.00022018878371454775,0.00019769348728004843,0.00012690429139183834,0.00010440899495733902,2.2495296434499323e-05,1.1933982932532672e-05,0.1772619049188913
0,40,8,16,8,9.328449232270941e-05,0.00022018878371454775,0.00017044351261574775,0.00012690429139183834,7.715902029303834e-05,4.9745271098800004e-05,4.305593392928131e-05,0.39199045637631835
0,40,8,16,12,9.328449232270941e-05,0.00022018878371454775,0.00013685350131709129,0.00012690429139183834,4.3569008994381875e-05,8.333528239745647e-05,8.685836655786261e-05,0.6566782059413954
1,90,82,4,1,0.002952911891043186,0.0031629870645701885,0.0030944363679736853,0.00021007517352700233,0.00014152447693049908,6.855069659650326e-05,9.201962711813394e-06,0.32631507781518976
1,90,82,4,2,0.002952911891043186,0.0031629870645701885,0.0030409013852477074,0.00021007517352700233,8.798949420452118e-05,0.00012208567932248116,3.08708222291898e-05,0.5811523431005934
1,90,82,4,3,0.002952911891043186,0.0031629870645701885,0.0029932872857898474,0.00021007517352700233,4.0375394746661186e-05,0.00016969977878034115,5.991972648189403e-05,0.8078050153724068
1,90,74,8,2,0.0015341761754825711,0.0017359816702082753,0.0016648528398945928,0.0002018054947257042,0.00013067666441202164,7.112883031368256e-05,3.08708222291898e-05,0.35246230738346096
1,90,74,8,4,0.0015341761754825711,0.0017359816702082753,0.0016113549936562777,0.0002018054947257042,7.717881817370653e-05,0.00012462667655199766,9.326214785687625e-05,0.617558390674106
1,90,74,8,6,0.0015341761754825711,0.0017359816702082753,0.0015690439613536,0.0002018054947257042,3.48677858710289e-05,0.0001669377088546753,0.00016618898371234536,0.8272208300451803
1,90,58,16,4,0.0006777363596484065,0.0008836996275931597,0.0008082746062427759,0.00020596326794475317,0.0001305382465943694,7.542502135038376e-05,9.326214785687625e-05,0.3662061789125209
1,90,58,16,8,0.0006777363596484065,0.0008836996275931597,0.0007566864951513708,0.00020596326794475317,7.895013550296426e-05,0.0001270131324417889,0.00024113278777804226,0.6166785646257004
1,90,58,16,12,0.0006777363596484065,0.0008836996275931597,0.0007150027086026967,0.00020596326794475317,3.726634895429015e-05,0.00016869691899046302,0.0003826518077403307,0.8190631304010658
1,50,42,4,1,0.00038589522591792047,0.0004221992858219892,0.0004131486057303846,3.630405990406871e-05,2.7253379812464118e-05,9.05068009160459e-06,9.352999086331693e-07,0.2493021473499236
1,50,42,4,2,0.00038589522591792047,0.0004221992858219892,0.0004041238862555474,3.630405990406871e-05,1.8228660337626934e-05,1.8075399566441774e-05,3.6462638490775134e-06,0.49788920617156673
1,50,42,4,3,0.00038589522591792047,0.0004221992858219892,0.00039488382753916085,3.630405990406871e-05,8.988601621240377e-06,2.731545828282833e-05,7.992912287591025e-06,0.7524078121016708
1,50,34,8,2,0.0002923420106526464,0.0003693974867928773,0.0003498123842291534,7.70554761402309e-05,5.747037357650697e-05,1.9585102563723922e-05,3.6462638490775134e-06,0.2541688604724419
1,50,34,8,4,0.0002923420106526464,0.0003693974867928773,0.0003303063567727804,7.70554761402309e-05,3.7964346120133996e-05,3.90911300200969e-05,1.3823979315930046e-05,0.5073115108516901
1,50,34,8,6,0.0002923420106526464,0.0003693974867928773,0.0003110487596131861,7.70554761402309e-05,1.87067489605397e-05,5.8348727179691195e-05,2.9424769309116527e-05,0.7572301165656824
1,50,18,16,4,0.00015563855413347483,0.000315801560645923,0.00027194060385227203,0.0001601630065124482,0.00011630204971879721,4.3860956793650985e-05,1.3823979315930046e-05,0.27385198210700434
1,50,18,16,8,0.00015563855413347483,0.000315801560645923,0.00023035830236040056,0.0001601630065124482,7.471974822692573e-05,8.544325828552246e-05,4.936003460898064e-05,0.5334768630163148
1,50,18,16,12,0.00015563855413347483,0.000315801560645923,0.00019199575763195753,0.0001601630065124482,3.6357203498482704e-05,0.0001238058030139655,9.829486953094602e-05,0.7729987449027005
1,40,32,4,1,0.00027126469649374485,0.0003095929860137403,0.000299853301839903,3.832828951999545e-05,2.8588605346158147e-05,9.739684173837304e-06,9.513448162579152e-07,0.25411215308098256
1,40,32,4,2,0.00027126469649374485,0.0003095929860137403,0.00029030509176664054,3.832828951999545e-05,1.9040395272895694e-05,1.9287894247099757e-05,3.720926315509132e-06,0.5032286723110216
1,40,32,4,3,0.00027126469649374485,0.0003095929860137403,0.00028074398869648576,3.832828951999545e-05,9.479292202740908e-06,2.8848997317254543e-05,8.172791240212973e-06,0.7526815748509814
1,40,24,8,2,0.00019975726900156587,0.0002777604095172137,0.00025732661015354097,7.800314051564783e-05,5.7569341151975095e-05,2.0433799363672733e-05,3.720926315509132e-06,0.2619612393628383
1,40,24,8,4,0.00019975726900156587,0.0002777604095172137,0.0002374423638684675,7.800314051564783e-05,3.7685094866901636e-05,4.031804564874619e-05,1.4186859516485129e-05,0.5168772100997419
1,40,24,8,6,0.00019975726900156587,0.0002777604095172137,0.00021817673405166715,7.800314051564783e-05,1.841946505010128e-05,5.958367546554655e-05,3.035541703866329e-05,0.7638625197865432
1,40,8,16,4,9.449494973523542e-05,0.00025839736917987466,0.0002183810283895582,0.00016390241944463924,0.00012388607865432277,4.001634079031646e-05,1.4186859516485129e-05,0.24414734648766212
1,40,8,16,8,9.449494973523542e-05,0.00025839736917987466,0.00018092678510583937,0.00016390241944463924,8.643183537060395e-05,7.747058407403529e-05,5.117032560519874e-05,0.4726628462016222
1,40,8,16,12,9.449494973523542e-05,0.00025839736917987466,0.00014215486589819193,0.00016390241944463924,4.7659916162956506e-05,0.00011624250328168273,0.00010223459685221314,0.7092177386737453
2,90,82,4,1,0.0026737970765680075,0.0028321135323494673,0.002781529212370515,0.0001583164557814598,0.0001077321358025074,5.058431997895241e-05,8.333035111718345e-06,0.319513974269226
2,90,82,4,2,0.0026737970765680075,0.0028321135323494673,0.0027405796572566032,0.0001583164557814598,6.678258068859577e-05,9.153387509286404e-05,2.787954690575134e-05,0.578170314899024
2,90,82,4,3,0.0026737970765680075,0.0028321135323494673,0.0027055044192820787,0.0001583164557814598,3.1707342714071274e-05,0.00012660911306738853,5.3956340707372874e-05,0.7997217499749987
2,90,74,8,2,0.0014064779970794916,0.0015554149867966771,0.0015027433400973678,0.0001489369897171855,9.626534301787615e-05,5.267164669930935e-05,2.787954690575134e-05,0.35365053905901317
2,90,74,8,4,0.0014064779970794916,0.0015554149867966771,0.0014644383918493986,0.0001489369897171855,5.7960394769907e-05,9.09765949472785e-05,8.375292964046821e-05,0.610839490713709
2,90,74,8,6,0.0014064779970794916,0.0015554149867966771,0.0014332651626318693,0.0001489369897171855,2.67871655523777e-05,0.0001221498241648078,0.0001486582768848166,0.8201443066410601
2,90,58,16,4,0.0006601852946914732,0.0007995658670552075,0.0007527772686444223,0.00013938057236373425,9.259197395294905e-05,4.67885984107852e-05,8.375292964046821e-05,0.3356895270072749
2,90,58,16,8,0.0006601852946914732,0.0007995658670552075,0.0007195728830993176,0.00013938057236373425,5.9387588407844305e-05,7.999298395588994e-05,0.00021511464728973806,0.5739177462059519
2,90,58,16,12,0.0006601852946914732,0.0007995658670552075,0.0006894920952618122,0.00013938057236373425,2.9306800570338964e-05,0.00011007377179339528,0.00033942473237402737,0.7897353980305194
2,50,42,4,1,0.0004103907849639654,0.0004467475228011608,0.0004379234160296619,3.6356737837195396e-05,2.7532631065696478e-05,8.824106771498919e-06,9.56423946263385e-07,0.24270898040998776
2,50,42,4,2,0.0004103907849639654,0.0004467475228011608,0.00042903286521323025,3.6356737837195396e-05,1.8642080249264836e-05,1.771465758793056e-05,3.7428526411531493e-06,0.4872455187606868
2,50,42,4,3,0.0004103907849639654,0.0004467475228011608,0.00041992319165728986,3.6356737837195396e-05,9.532406693324447e-06,2.682433114387095e-05,8.245743629231583e-06,0.7378090758304462
2,50,34,8,2,0.00032621200080029666,0.0004056610632687807,0.00038720175507478416,7.944906246848404e-05,6.0989754274487495e-05,1.845930819399655e-05,3.7428526411531493e-06,0.2323414225475475
2,50,34,8,4,0.00032621200080029666,0.0004056610632687807,0.00036779241054318845,7.944906246848404e-05,4.158040974289179e-05,3.7868652725592256e-05,1.4337229004013352e-05,0.476640649354598
2,50,34,8,6,0.00032621200080029666,0.0004056610632687807,0.00034730599145404994,7.944906246848404e-05,2.109399065375328e-05,5.8355071814730763e-05,3.082781768171117e-05,0.7344966699623312
2,50,18,16,4,0.00018476351397112012,0.0003735956270247698,0.00033343001268804073,0.00018883211305364966,0.00014866649871692061,4.016561433672905e-05,1.4337229004013352e-05,0.21270542222507183
2,50,18,16,8,0.00018476351397112012,0.0003735956270247698,0.00028851322713308036,0.00018883211305364966,0.00010374971316196024,8.508239989168942e-05,5.224815686233342e-05,0.4505716666291628
2,50,18,16,12,0.00018476351397112012,0.0003735956270247698,0.00023870027507655323,0.00018883211305364966,5.3936761105433106e-05,0.00013489535194821656,0.00010672569624148309,0.7143665861001673
2,40,32,4,1,0.00030763016548007727,0.0003505331405904144,0.0003400439163669944,4.290297511033714e-05,3.2413750886917114e-05,1.0489224223420024e-05,1.0269004633300938e-06,0.2444871059977546
2,40,32,4,2,0.00030763016548007727,0.0003505331405904144,0.00032942392863333225,4.290297511033714e-05,2.1793763153254986e-05,2.1109211957082152e-05,4.030167929158779e-06,0.4920221010965753
2,40,32,4,3,0.00030763016548007727,0.0003505331405904144,0.0003185548703186214,4.290297511033714e-05,1.092470483854413e-05,3.197827027179301e-05,8.901450200937688e-06,0.7453625346389577
2,40,24,8,2,0.00023584871087223291,0.00032979738898575306,0.0003078577574342489,9.394867811352015e-05,7.200904656201601e-05,2.1939631551504135e-05,4.030167929158779e-06,0.23352783660238435
2,40,24,8,4,0.00023584871087223291,0.00032979738898575306,0.00028498831670731306,9.394867811352015e-05,4.913960583508015e-05,4.480907227844e-05,1.5553108823951334e-05,0.476952663711737
2,40,24,8,6,0.00023584871087223291,0.00032979738898575306,0.00026086001889780164,9.394867811352015e-05,2.5011308025568724e-05,6.893737008795142e-05,3.377652683411725e-05,0.733776903222129
2,40,8,16,4,0.00010226143058389425,0.0003295602509751916,0.00028014034614898264,0.00022729882039129734,0.0001778789155650884,4.941990482620895e-05,1.5553108823951334e-05,0.21742261900493834
2,40,8,16,8,0.00010226143058389425,0.0003295602509751916,0.00022516910394188017,0.00022729882039129734,0.00012290767335798591,0.00010439114703331143,5.789531132904813e-05,0.4592683184787363
2,40,8,16,12,0.00010226143058389425,0.0003295602509751916,0.00016566003614570946,0.00022729882039129734,6.33986055618152e-05,0.00016390021482948214,0.00012061537563567981,0.7210781584670178
3,90,82,4,1,0.0026842139195650816,0.0028476277366280556,0.0027941588778048754,0.00016341381706297398,0.00010994495823979378,5.34688588231802e-05,8.510564839525614e-06,0.32719913030717085
3,90,82,4,2,0.0026842139195650816,0.0028476277366280556,0.002752382541075349,0.00016341381706297398,6.816862151026726e-05,9.524519555270672e-05,2.856186983990483e-05,0.5828466482488598
3,90,82,4,3,0.0026842139195650816,0.0028476277366280556,0.0027160863392055035,0.00016341381706297398,3.187241964042187e-05,0.0001315413974225521,5.5371521739289165e-05,0.8049588448929056
3,90,74,8,2,0.0013740041758865118,0.0015243076486513019,0.0014707990922033787,0.00015030347276479006,9.679491631686687e-05,5.3508556447923183e-05,2.856186983990483e-05,0.3560034606230206
3,90,74,8,4,0.0013740041758865118,0.0015243076486513019,0.0014312054263427854,0.00015030347276479006,5.7201250456273556e-05,9.31022223085165e-05,8.602077286923304e-05,0.6194282846292726
3,90,74,8,6,0.0013740041758865118,0.0015243076486513019,0.0014002403477206826,0.00015030347276479006,2.623617183417082e-05,0.00012406730093061924,0.00015250574506353587,0.8254453383440593
3,90,58,16,4,0.0006000944413244724,0.0007290559005923569,0.0006814873195253313,0.0001289614592678845,8.139287820085883e-05,4.756858106702566e-05,8.602077286923304e-05,0.3688588927038588
3,90,58,16,8,0.0006000944413244724,0.0007290559005923569,0.0006488190265372396,0.0001289614592678845,4.8724585212767124e-05,8.023687405511737e-05,0.00021983998885843903,0.6221771567305683
3,90,58,16,12,0.0006000944413244724,0.0007290559005923569,0.0006230198196135461,0.0001289614592678845,2.2925378289073706e-05,0.00010603608097881079,0.00034391492954455316,0.8222307779454319
3,50,42,4,1,0.0003462512686382979,0.0003665915864985436,0.0003615131718106568,2.0340317860245705e-05,1.526190317235887e-05,5.078414687886834e-06,8.332472702932137e-07,0.24967233662618332
3,50,42,4,2,0.0003462512686382979,0.0003665915864985436,0.00035657567786984146,2.0340317860245705e-05,1.0324409231543541e-05,1.0015908628702164e-05,3.229245749025722e-06,0.4924165245361202
3,50,42,4,3,0.0003462512686382979,0.0003665915864985436,0.0003516053257044405,2.0340317860245705e-05,5.354057066142559e-06,1.4986260794103146e-05,7.0575774770986754e-06,0.7367761358043062
3,50,34,8,2,0.00027145358035340905,0.00031520341872237623,0.0003047955397050828,4.3749838368967175e-05,3.334195935167372e-05,1.0407879017293453e-05,3.229245749025722e-06,0.2378952564239875
3,50,34,8,4,0.00027145358035340905,0.00031520341872237623,0.00029421228100545704,4.3749838368967175e-05,2.2758700652047992e-05,2.0991137716919184e-05,1.2186799722258002e-05,0.4797992061110952
3,50,34,8,6,0.00027145358035340905,0.00031520341872237623,0.00028308876790106297,4.3749838368967175e-05,1.1635187547653913e-05,3.211465082131326e-05,2.579034844529815e-05,0.734051873528588
3,50,18,16,4,0.00015756889479234815,0.0002715255250222981,0.00024748334544710815,0.00011395663022994995,8.991445065476e-05,2.4042179575189948e-05,1.2186799722258002e-05,0.210976575269696
3,50,18,16,8,0.00015756889479234815,0.0002715255250222981,0.00022101870854385197,0.00011395663022994995,6.344981375150383e-05,5.0506816478446126e-05,4.3096406443510205e-05,0.4432108634357633
3,50,18,16,12,0.00015756889479234815,0.0002715255250222981,0.00019141352095175534,0.00011395663022994995,3.38446261594072e-05,8.011200407054275e-05,8.498516399413347e-05,0.7030043263729977
3,40,32,4,1,0.0002558095729909837,0.0002796471817418933,0.00027395703364163637,2.3837608750909567e-05,1.8147460650652647e-05,5.69014810025692e-06,8.613342288299464e-07,0.23870465195213014
3,40,32,4,2,0.0002558095729909837,0.0002796471817418933,0.0002680999750737101,2.3837608750909567e-05,1.229040208272636e-05,1.1547206668183208e-05,3.377317852937267e-06,0.4844112842376693
3,40,32,4,3,0.0002558095729909837,0.0002796471817418933,0.0002619181468617171,2.3837608750909567e-05,6.10857387073338e-06,1.7729034880176187e-05,7.407811608572956e-06,0.7437421708458783
3,40,24,8,2,0.00019666150910779834,0.00025114117306657135,0.00023855347535572946,5.447966395877302e-05,4.189196624793112e-05,1.2587697710841894e-05,3.377317852937267e-06,0.23105314526843482
3,40,24,8,4,0.00019666150910779834,0.00025114117306657135,0.00022547171101905406,5.447966395877302e-05,2.8810201911255717e-05,2.56694620475173e-05,1.283504934690427e-05,0.4711751171399006
3,40,24,8,6,0.00019666150910779834,0.00025114117306657135,0.00021142791956663132,5.447966395877302e-05,1.476641045883298e-05,3.971325349994004e-05,2.743797449511476e-05,0.728955551744825
3,40,8,16,4,9.133380808634683e-05,0.0002410349261481315,0.0002118042903020978,0.00014970111806178465,0.00012047048221575096,2.9230635846033692e-05,1.283504934690427e-05,0.19525997016247817
3,40,8,16,8,9.133380808634683e-05,0.0002410349261481315,0.00017856060003396124,0.00014970111806178465,8.72267919476144e-05,6.247432611417025e-05,4.624094071914442e-05,0.4173270508800465
3,40,8,16,12,9.133380808634683e-05,0.0002410349261481315,0.00013915725867263973,0.00014970111806178465,4.782345058629289e-05,0.00010187766747549176,9.305322600994259e-05,0.6805404581777726
4,90,82,4,1,0.0029489670414477587,0.0031166980043053627,0.0030633709393441677,0.00016773096285760403,0.00011440389789640903,5.332706496119499e-05,1.0229243343928829e-05,0.31793214593579394
4,90,82,4,2,0.0029489670414477587,0.0031166980043053627,0.0030187780503183603,0.00016773096285760403,6.981100887060165e-05,9.791995398700237e-05,3.49267284036614e-05,0.5837917598441974
4,90,82,4,3,0.0029489670414477587,0.0031166980043053627,0.0029821672942489386,0.00016773096285760403,3.3200252801179886e-05,0.00013453071005642414,6.900909647811204e-05,0.8020624681600058
4,90,74,8,2,0.0015600241022184491,0.0017452584579586983,0.0016800826415419579,0.00018523435574024916,0.00012005853932350874,6.517581641674042e-05,3.49267284036614e-05,0.3518559834987377
4,90,74,8,4,0.0015600241022184491,0.0017452584579586983,0.001631002640351653,0.00018523435574024916,7.097853813320398e-05,0.00011425581760704517,0.00010917904000962153,0.6168176370438758
4,90,74,8,6,0.0015600241022184491,0.0017452584579586983,0.0015914588002488017,0.00018523435574024916,3.143469803035259e-05,0.00015379965770989656,0.0002001981483772397,0.8302976901626559
4,90,58,16,4,0.0007212774362415075,0.0009278689394704998,0.0008465620339848101,0.00020659150322899222,0.00012528459774330258,8.130690548568964e-05,0.00010917904000962153,0.39356364717268466
4,90,58,16,8,0.0007212774362415075,0.0009278689394704998,0.0007947892881929874,0.00020659150322899222,7.351185195147991e-05,0.0001330796512775123,0.0002979654527734965,0.6441680766028545
4,90,58,16,12,0.0007212774362415075,0.0009278689394704998,0.0007552399765700102,0.00020659150322899222,3.3962540328502655e-05,0.00017262896290048957,0.000487871584482491,0.8356053380818012
4,50,42,4,1,0.00044624030124396086,0.000481117342133075,0.00047260141582228243,3.487704088911414e-05,2.6361114578321576e-05,8.515926310792565e-06,1.3886177612221218e-06,0.24416997812020702
4,50,42,4,2,0.00044624030124396086,0.000481117342133075,0.00046400792780332267,3.487704088911414e-05,1.7767626559361815e-05,1.7109414329752326e-05,5.333805347618181e-06,0.49056381773181146
4,50,42,4,3,0.00044624030124396086,0.000481117342133075,0.00045527933980338275,3.487704088911414e-05,9.039038559421897e-06,2.5838002329692245e-05,1.1527184142323676e-05,0.7408312652395012
4,50,34,8,2,0.000356703472789377,0.00043441526941023767,0.0004154773778282106,7.77117966208607e-05,5.877390503883362e-05,1.8937891582027078e-05,5.333805347618181e-06,0.2436939101333742
4,50,34,8,4,0.000356703472789377,0.00043441526941023767,0.000396143615944311,7.77117966208607e-05,3.944014315493405e-05,3.827165346592665e-05,1.962225178431254e-05,0.4924819027495387
4,50,34,8,6,0.000356703472789377,0.00043441526941023767,0.0003766596782952547,7.77117966208607e-05,1.9956205505877733e-05,5.775559111498296e-05,4.066458495799452e-05,0.7432023660031976
4,50,18,16,4,0.00020581803983077407,0.0003737754886969924,0.0003358276735525578,0.00016795744886621833,0.00013000963372178376,3.794781514443457e-05,1.962225178431254e-05,0.22593707751932343
4,50,18,16,8,0.00020581803983077407,0.0003737754886969924,0.00029675164842046797,0.00016795744886621833,9.09336085896939e-05,7.702384027652442e-05,6.664946704404429e-05,0.4585913920249857
4,50,18,16,12,0.00020581803983077407,0.0003737754886969924,0.0002544249000493437,0.00016795744886621833,4.8606860218569636e-05,0.00011935058864764869,0.00012739353405777365,0.7106001517248215
4,40,32,4,1,0.00033562100725248456,0.0003759674436878413,0.00036593759432435036,4.0346436435356736e-05,3.0316587071865797e-05,1.0029849363490939e-05,1.3073703257759917e-06,0.24859319061699078
4,40,32,4,2,0.00033562100725248456,0.0003759674436878413,0.0003559297474566847,4.0346436435356736e-05,2.030874020420015e-05,2.0037696231156588e-05,5.0807566367438994e-06,0.4966410419730894
4,40,32,4,3,0.00033562100725248456,0.0003759674436878413,0.00034589486313052475,4.0346436435356736e-05,1.0273855878040195e-05,3.007258055731654e-05,1.107741627492942e-05,0.7453590258336441
4,40,24,8,2,0.0002580352302175015,0.0003415528917685151,0.0003215319011360407,8.351766155101359e-05,6.349667091853917e-05,2.0020990632474422e-05,5.0807566367438994e-06,0.23972163804233626
4,40,24,8,4,0.0002580352302175015,0.0003415528917685151,0.0003011944645550102,8.351766155101359e-05,4.315923433750868e-05,4.035842721350491e-05,1.905294084281195e-05,0.48323224649738905
4,40,24,8,6,0.0002580352302175015,0.0003415528917685151,0.0002800767542794347,8.351766155101359e-05,2.204152406193316e-05,6.147613748908043e-05,4.0132472349796444e-05,0.7360854739872005
4,40,8,16,4,0.0001150273674284108,0.00032836027094163,0.0002873844641726464,0.0002133329035132192,0.0001723570967442356,4.09758067689836e-05,1.905294084281195e-05,0.19207448121777676
4,40,8,16,8,0.0001150273674284108,0.00032836027094163,0.00024052862136159092,0.0002133329035132192,0.00012550125393318012,8.783164958003908e-05,6.687351560685784e-05,0.41171168691564064
4,40,8,16,12,0.0001150273674284108,0.00032836027094163,0.00018456223187968135,0.0002133329035132192,6.953486445127055e-05,0.00014379803906194866,0.0001317322312388569,0.6740546661759478
