data_noise_seed,target_timestep,source_timestep,depth,G_state,G_pred,G_epsilon,E_q,E_self,DeltaE,G_state_X_aux,G_epsilon_X_aux,action_elements,X_unconditioned_elements_aux
0,89,90,1,3.0478743155981647e-06,2.3363768377748784e-06,2.9871771403122693e-06,0.00997927226126194,0.010040085762739182,6.0813501477241516e-05,2.903851054725237e-06,2.8433055376808625e-06,2048,19968
0,89,91,2,1.323159085586667e-05,3.5285083868075162e-06,1.2824597433791496e-05,0.00997927226126194,0.010101281106472015,0.00012200884521007538,1.279720072488999e-05,1.2289020560274366e-05,2048,19968
0,89,93,4,6.458660936914384e-05,1.0188516171183437e-05,6.208325066836551e-05,0.00997927226126194,0.010267507284879684,0.00028823502361774445,6.357610254781321e-05,6.0630634834524244e-05,2048,19968
0,49,50,1,6.685899052172317e-07,7.548126745859918e-08,1.209896481668693e-06,0.001187287038192153,0.0011932235211133957,5.936482921242714e-06,2.412062656276248e-07,4.883723363491299e-07,2048,19968
0,49,51,2,2.6415038973937044e-06,1.3413298916020722e-07,4.627047474059509e-06,0.001187287038192153,0.00119866116438061,1.1374126188457012e-05,9.600007615517825e-07,1.7405387779945158e-06,2048,19968
0,49,53,4,1.0186473446083255e-05,3.701146056300786e-07,1.7621969163883477e-05,0.001187287038192153,0.0012109623057767749,2.3675267584621906e-05,3.793991027123411e-06,6.680983005935559e-06,2048,19968
0,9,10,1,3.224861757189501e-06,6.147745352791389e-07,6.196608592290431e-05,0.0004175833018962294,0.0004418725147843361,2.4289212888106704e-05,7.784113904563128e-07,1.4747872228326742e-05,2048,19968
0,9,11,2,1.1511800039443187e-05,2.2923773030925076e-06,0.00021545284835156053,0.0004175833018962294,0.00046523805940523744,4.765475750900805e-05,2.7893240712728584e-06,5.136672189109959e-05,2048,19968
0,9,13,4,3.7613044696627185e-05,8.153738235705532e-06,0.0006704477709718049,0.0004175833018962294,0.0005098434048704803,9.226010297425091e-05,9.172391401079949e-06,0.00016211342881433666,2048,19968
1,89,90,1,3.1436832159670303e-06,2.2760445972380694e-06,3.041375975953997e-06,0.010779809206724167,0.01086545642465353,8.564721792936325e-05,2.4122680315485923e-06,2.3487580165237887e-06,2048,19968
1,89,91,2,1.3658508578373585e-05,3.778578047786141e-06,1.2977330698049627e-05,0.010779809206724167,0.010973688215017319,0.00019387900829315186,1.07881824078504e-05,1.0233500688627828e-05,2048,19968
1,89,93,4,6.76369309076108e-05,1.0918430234596599e-05,6.411756476154551e-05,0.010779809206724167,0.011206643655896187,0.00042683444917201996,5.643238182528876e-05,5.3349278459791094e-05,2048,19968
1,49,50,1,6.687637323921081e-07,1.3717583158268098e-07,1.0303725730409496e-06,0.001403323607519269,0.0014174061361700296,1.408252865076065e-05,2.3388157899262296e-07,4.232727803810121e-07,2048,19968
1,49,51,2,2.642629169713473e-06,3.8104298027974437e-07,3.895215286320308e-06,0.001403323607519269,0.001431753858923912,2.843025140464306e-05,9.277289336750982e-07,1.464985416532727e-06,2048,19968
1,49,53,4,1.0377738362876698e-05,1.3452702205540845e-06,1.5031952898425516e-05,0.001403323607519269,0.001460867002606392,5.754339508712292e-05,3.6708083825942595e-06,5.599147243628977e-06,2048,19968
1,9,10,1,2.9930765776953194e-06,7.399488595183357e-07,5.468150266096927e-05,0.0003866527113132179,0.00041212548967450857,2.5472778361290693e-05,7.869844012020621e-07,1.4598434063373134e-05,2048,19968
1,9,11,2,1.0736108379205689e-05,2.7490000320540275e-06,0.00018982362234964967,0.0003866527113132179,0.00043683702824637294,5.018431693315506e-05,2.8254164590180153e-06,5.0713566452031955e-05,2048,19968
1,9,13,4,3.5256911360193044e-05,9.585453881300054e-06,0.000594118726439774,0.0003866527113132179,0.000483377167256549,9.672445594333112e-05,9.301970749220345e-06,0.0001604235585546121,2048,19968
2,89,90,1,3.0186893127392977e-06,2.2226302007766208e-06,2.9459820325428154e-06,0.009790057316422462,0.009868284687399864,7.822737097740173e-05,2.177539499825798e-06,2.1463936263899086e-06,2048,19968
2,89,91,2,1.339354639640078e-05,3.2727464258641703e-06,1.2938453437527642e-05,0.009790057316422462,0.009944939985871315,0.00015488266944885254,9.720960406411905e-06,9.333646630693693e-06,2048,19968
2,89,93,4,6.795017543481663e-05,1.014372810459463e-05,6.525467324536294e-05,0.009790057316422462,0.01015916746109724,0.000369110144674778,5.0560218369355425e-05,4.828440796700306e-05,2048,19968
2,49,50,1,7.798902856848144e-07,1.3158403078250558e-07,1.1793416661021183e-06,0.0016443041386082768,0.0016606037970632315,1.6299658454954624e-05,2.3916356894915225e-07,4.3618061340566783e-07,2048,19968
2,49,51,2,3.0734499887330458e-06,3.5875945059160586e-07,4.434478796611074e-06,0.0016443041386082768,0.001677747000940144,3.344286233186722e-05,9.457293685954937e-07,1.5095750995897106e-06,2048,19968
2,49,53,4,1.1965668818447739e-05,1.1942340734094614e-06,1.7247542928089388e-05,0.0016443041386082768,0.0017092403722926974,6.493623368442059e-05,3.7108134165464435e-06,5.757901362812845e-06,2048,19968
2,9,10,1,3.0456114927801536e-06,8.810956160232308e-07,5.3109091822989285e-05,0.00038872333243489265,0.0004165639984421432,2.7840666007250547e-05,8.669910016578797e-07,1.4571447536582127e-05,2048,19968
2,9,11,2,1.1038107913918793e-05,3.417717834963696e-06,0.00018450488278176636,0.00038872333243489265,0.00044462739606387913,5.590406362898648e-05,3.1415929697686806e-06,5.06005781062413e-05,2048,19968
2,9,13,4,3.720504537341185e-05,1.2895887266495265e-05,0.0005740246269851923,0.00038872333243489265,0.0005013358895666897,0.00011261255713179708,1.0567002391326241e-05,0.0001593117049196735,2048,19968
3,89,90,1,2.9471789275703486e-06,2.2673484636470675e-06,2.853152636816958e-06,0.010083912871778011,0.010164491832256317,8.057896047830582e-05,2.253321554235299e-06,2.2089336653152714e-06,2048,19968
3,89,91,2,1.2906685697089415e-05,3.6766789435205283e-06,1.236439129570499e-05,0.010083912871778011,0.01024935208261013,0.000165439210832119,9.971741746994667e-06,9.561302249494474e-06,2048,19968
3,89,93,4,6.424380262615159e-05,1.0395331628387794e-05,6.120621401350945e-05,0.010083912871778011,0.010464698076248169,0.0003807852044701576,5.136226172908209e-05,4.898959014099091e-05,2048,19968
3,49,50,1,5.792573460894346e-07,7.173986205089022e-08,1.0213327641395153e-06,0.0012182299979031086,0.0012245920952409506,6.362097337841988e-06,2.0836304770455172e-07,4.191025197997078e-07,2048,19968
3,49,51,2,2.2813751456851605e-06,1.3092392237012973e-07,3.844269485853147e-06,0.0012182299979031086,0.0012313558254390955,1.31258275359869e-05,8.257654258159164e-07,1.445835550839547e-06,2048,19968
3,49,53,4,8.875291314325295e-06,3.6061146602150984e-07,1.4730248949490488e-05,0.0012182299979031086,0.0012447233311831951,2.6493333280086517e-05,3.24991810884967e-06,5.440981112769805e-06,2048,19968
3,9,10,1,2.84748261947243e-06,6.279731223912677e-07,5.376887565944344e-05,0.00036471636849455535,0.0003872449742630124,2.2528605768457055e-05,7.706065616730484e-07,1.4163774721964728e-05,2048,19968
3,9,11,2,1.0235422450932674e-05,2.3590716864418937e-06,0.00018673835438676178,0.00036471636849455535,0.0004092901945114136,4.457382601685822e-05,2.774826725726598e-06,4.928205817122944e-05,2048,19968
3,9,13,4,3.3875716326292604e-05,8.631550372228958e-06,0.000580762280151248,0.00036471636849455535,0.0004527172422967851,8.800087380222976e-05,9.211813448928297e-06,0.00015521446766797453,2048,19968
4,89,90,1,7.087257472448982e-06,2.5711935904837446e-06,6.917942300788127e-06,0.011705243960022926,0.011768816970288754,6.357301026582718e-05,3.7854442780371755e-06,3.7194620290392777e-06,2048,19968
4,89,91,2,2.9588709367089905e-05,4.302883098716848e-06,2.870115713449195e-05,0.011705243960022926,0.011859043501317501,0.00015379954129457474,1.600789255462587e-05,1.55122579599265e-05,2048,19968
4,89,93,4,0.00013029389083385468,1.3063479855190963e-05,0.00012605519441422075,0.011705243960022926,0.012059671804308891,0.00035442784428596497,7.465921953553334e-05,7.190011092461646e-05,2048,19968
4,49,50,1,1.71318447428348e-06,1.2567588214551506e-07,3.0479291126539465e-06,0.0015949850203469396,0.001609399332664907,1.4414312317967415e-05,6.340737286336662e-07,1.2038543673043023e-06,2048,19968
4,49,51,2,6.931290499778697e-06,3.384645026471844e-07,1.2256863556103781e-05,0.0015949850203469396,0.0016240553231909871,2.9070302844047546e-05,2.55646591540426e-06,4.6488230509567074e-06,2048,19968
4,49,53,4,2.8031583497067913e-05,1.1522698741828208e-06,4.96269749419298e-05,0.0015949850203469396,0.0016525123501196504,5.75273297727108e-05,1.0267576726619154e-05,1.847916246333625e-05,2048,19968
4,9,10,1,3.883291356032714e-06,7.850962333577627e-07,7.386585639324039e-05,0.0004448782419785857,0.00047358687152154744,2.8708629542961717e-05,1.0974289352816413e-06,1.9260387489339337e-05,2048,19968
4,9,11,2,1.3808305084239691e-05,2.90300613414729e-06,0.00025544557138346136,0.0004448782419785857,0.0005011375760659575,5.6259334087371826e-05,3.952331098844297e-06,6.696707714581862e-05,2048,19968
4,9,13,4,4.4932265154784545e-05,1.0240494702884462e-05,0.0007941340445540845,0.0004448782419785857,0.0005533047369681299,0.00010842649498954415,1.3118830793246161e-05,0.00021182435739319772,2048,19968
