data_noise_seed,source_timestep,target_timestep,total_depth,reset_depth,reset_timestep,E_q,E_free,E_reset,reset_gain,reset_recovery_fraction,pre_reset_d_action_l2,action_elements
0,95,91,4,1,94,0.013859180733561516,0.014359790831804276,0.014194764196872711,0.00016502663493156433,0.32965103083385733,0.01777908205986023,2048
0,95,91,4,2,93,0.013859180733561516,0.014359790831804276,0.014071809127926826,0.00028798170387744904,0.575261475723965,0.03253217786550522,2048
0,95,91,4,3,92,0.013859180733561516,0.014359790831804276,0.013953311368823051,0.00040647946298122406,0.8119681652608431,0.045248743146657944,2048
0,95,87,8,2,93,0.007839695550501347,0.008328843861818314,0.00816517323255539,0.0001636706292629242,0.33460327977472254,0.03253217786550522,2048
0,95,87,8,4,91,0.007839695550501347,0.008328843861818314,0.00803249329328537,0.0002963505685329437,0.6058501310881746,0.056396834552288055,2048
0,95,87,8,6,89,0.007839695550501347,0.008328843861818314,0.007928552106022835,0.0004002917557954788,0.818344347786352,0.07533499598503113,2048
0,95,79,16,4,91,0.003922531846910715,0.004409700632095337,0.004234356805682182,0.0001753438264131546,0.3599241818145322,0.056396834552288055,2048
0,95,79,16,8,87,0.003922531846910715,0.004409700632095337,0.004105700179934502,0.00030400045216083527,0.624014636006756,0.09113333374261856,2048
0,95,79,16,12,83,0.003922531846910715,0.004409700632095337,0.004007244482636452,0.0004024561494588852,0.8261123489395299,0.11687532067298889,2048
0,65,61,4,1,64,0.0016141841188073158,0.0016391825629398227,0.0016330336220562458,6.14894088357687e-06,0.24597294339534775,0.004274565260857344,2048
0,65,61,4,2,63,0.0016141841188073158,0.0016391825629398227,0.001625912031158805,1.327053178101778e-05,0.5308543087992177,0.008457254618406296,2048
0,65,61,4,3,62,0.0016141841188073158,0.0016391825629398227,0.0016199218807742,1.926068216562271e-05,0.7704752369199246,0.012560101225972176,2048
0,65,57,8,2,63,0.0014311997219920158,0.001478720223531127,0.0014665717026218772,1.2148520909249783e-05,0.2556479943556803,0.008457254618406296,2048
0,65,57,8,4,61,0.0014311997219920158,0.001478720223531127,0.001454479992389679,2.424023114144802e-05,0.5101004904482629,0.016594205051660538,2048
0,65,57,8,6,59,0.0014311997219920158,0.001478720223531127,0.0014423029497265816,3.64172738045454e-05,0.7663486837270148,0.024487383663654327,2048
0,65,49,16,4,61,0.001187287038192153,0.0012783582787960768,0.001256170915439725,2.2187363356351852e-05,0.24362645341405298,0.016594205051660538,2048
0,65,49,16,8,57,0.001187287038192153,0.0012783582787960768,0.0012340808752924204,4.427740350365639e-05,0.4861842576211562,0.03210889548063278,2048
0,65,49,16,12,53,0.001187287038192153,0.0012783582787960768,0.0012109623057767749,6.739597301930189e-05,0.7400357409471606,0.046496547758579254,2048
0,35,31,4,1,34,0.0008503170683979988,0.0008924826979637146,0.0008821348310448229,1.0347866918891668e-05,0.24540999447818884,0.004588809795677662,2048
0,35,31,4,2,33,0.0008503170683979988,0.0008924826979637146,0.0008715928997844458,2.0889798179268837e-05,0.4954224185532855,0.009144962765276432,2048
0,35,31,4,3,32,0.0008503170683979988,0.0008924826979637146,0.0008615010883659124,3.098160959780216e-05,0.7347598012147984,0.013662757351994514,2048
0,35,27,8,2,33,0.0007790378876961768,0.0008709270041435957,0.0008493115310557187,2.1615473087877035e-05,0.2352343120008767,0.009144962765276432,2048
0,35,27,8,4,31,0.0007790378876961768,0.0008709270041435957,0.0008270067046396434,4.3920299503952265e-05,0.4779706368064217,0.018135175108909607,2048
0,35,27,8,6,29,0.0007790378876961768,0.0008709270041435957,0.0008037706720642745,6.715633207932115e-05,0.7308409817799211,0.026930710300803185,2048
0,35,19,16,4,31,0.0006268963916227221,0.0008465592982247472,0.0007993998588062823,4.71594394184649e-05,0.21469004552464638,0.018135175108909607,2048
0,35,19,16,8,27,0.0006268963916227221,0.0008465592982247472,0.0007469147676602006,9.964453056454659e-05,0.45362474760054905,0.035527363419532776,2048
0,35,19,16,12,23,0.0006268963916227221,0.0008465592982247472,0.0006894628750160336,0.00015709642320871353,0.715170465686924,0.052100129425525665,2048
1,95,91,4,1,94,0.015142431482672691,0.015879282727837563,0.01566515676677227,0.00021412596106529236,0.2905959139926288,0.018272649496793747,2048
1,95,91,4,2,93,0.015142431482672691,0.015879282727837563,0.015463793650269508,0.0004154890775680542,0.5638710395000935,0.033387333154678345,2048
1,95,91,4,3,92,0.015142431482672691,0.015879282727837563,0.015275081619620323,0.0006042011082172394,0.8199770471746285,0.0464051254093647,2048
1,95,87,8,2,93,0.008332842029631138,0.009047373197972775,0.008800871670246124,0.00024650152772665024,0.34498359014731067,0.033387333154678345,2048
1,95,87,8,4,91,0.008332842029631138,0.009047373197972775,0.008612480945885181,0.0004348922520875931,0.6086400025025351,0.05785219371318817,2048
1,95,87,8,6,89,0.008332842029631138,0.009047373197972775,0.00845201313495636,0.0005953600630164146,0.8332177648711846,0.07737608253955841,2048
1,95,79,16,4,91,0.004187188111245632,0.004871212411671877,0.0046133617870509624,0.00025785062462091446,0.3769612051212753,0.05785219371318817,2048
1,95,79,16,8,87,0.004187188111245632,0.004871212411671877,0.004435935989022255,0.00043527642264962196,0.6363464315206092,0.09373076260089874,2048
1,95,79,16,12,83,0.004187188111245632,0.004871212411671877,0.004299556836485863,0.0005716555751860142,0.8357240741736678,0.1205744668841362,2048
1,65,61,4,1,64,0.0019385535269975662,0.001994251273572445,0.00197957968339324,1.467159017920494e-05,0.263414430231586,0.0042886147275567055,2048
1,65,61,4,2,63,0.0019385535269975662,0.001994251273572445,0.0019673078786581755,2.6943394914269447e-05,0.4837429980770839,0.008501295000314713,2048
1,65,61,4,3,62,0.0019385535269975662,0.001994251273572445,0.001952182617969811,4.206865560263395e-05,0.7553026502800769,0.012646443210542202,2048
1,65,57,8,2,63,0.0017352174036204815,0.001849051215685904,0.0018204428488388658,2.860836684703827e-05,0.2513169534425894,0.008501295000314713,2048
1,65,57,8,4,61,0.0017352174036204815,0.001849051215685904,0.0017900217790156603,5.902943667024374e-05,0.5185580241863319,0.0167328342795372,2048
1,65,57,8,6,59,0.0017352174036204815,0.001849051215685904,0.0017628283239901066,8.622289169579744e-05,0.7574453506506788,0.024735543876886368,2048
1,65,49,16,4,61,0.001403323607519269,0.0016434445278719068,0.0015802925918251276,6.315193604677916e-05,0.26300055802732736,0.0167328342795372,2048
1,65,49,16,8,57,0.001403323607519269,0.0016434445278719068,0.0015205068048089743,0.0001229377230629325,0.5119825581310787,0.032517626881599426,2048
1,65,49,16,12,53,0.001403323607519269,0.0016434445278719068,0.001460867002606392,0.00018257752526551485,0.760356594491577,0.04739869385957718,2048
1,35,31,4,1,34,0.0008636839338578284,0.0009291551541537046,0.0009124266216531396,1.6728532500565052e-05,0.25550970983839605,0.004493077285587788,2048
1,35,31,4,2,33,0.0008636839338578284,0.0009291551541537046,0.000896782148629427,3.237300552427769e-05,0.4944616180663539,0.00894955825060606,2048
1,35,31,4,3,32,0.0008636839338578284,0.0009291551541537046,0.0008800255600363016,4.912959411740303e-05,0.7503998534833707,0.013366321101784706,2048
1,35,27,8,2,33,0.0007630990003235638,0.0008951691561378539,0.0008615412516519427,3.362790448591113e-05,0.2546215250415611,0.00894955825060606,2048
1,35,27,8,4,31,0.0007630990003235638,0.0008951691561378539,0.0008282043854705989,6.696477066725492e-05,0.5070393856536157,0.017740709707140923,2048
1,35,27,8,6,29,0.0007630990003235638,0.0008951691561378539,0.0007952282903715968,9.994086576625705e-05,0.7567255838388539,0.026371676474809647,2048
1,35,19,16,4,31,0.0005816152552142739,0.0008507637539878488,0.0007815994322299957,6.916432175785303e-05,0.2569745775028028,0.017740709707140923,2048
1,35,19,16,8,27,0.0005816152552142739,0.0008507637539878488,0.0007143676048144698,0.00013639614917337894,0.5067691248321776,0.0348331555724144,2048
1,35,19,16,12,23,0.0005816152552142739,0.0008507637539878488,0.0006481832824647427,0.0002025804715231061,0.7526717497820039,0.05117402598261833,2048
2,95,91,4,1,94,0.014006821438670158,0.01466776616871357,0.014456668868660927,0.00021109730005264282,0.31938722022759425,0.018519066274166107,2048
2,95,91,4,2,93,0.014006821438670158,0.01466776616871357,0.01428131852298975,0.00038644764572381973,0.5846898056036207,0.033921971917152405,2048
2,95,91,4,3,92,0.014006821438670158,0.01466776616871357,0.014135722070932388,0.0005320440977811813,0.8049751720484046,0.047134265303611755,2048
2,95,87,8,2,93,0.00751321017742157,0.008101271465420723,0.007904322817921638,0.00019694864749908447,0.3349117711339096,0.033921971917152405,2048
2,95,87,8,4,91,0.00751321017742157,0.008101271465420723,0.007744911126792431,0.0003563603386282921,0.6059918343558865,0.058692172169685364,2048
2,95,87,8,6,89,0.00751321017742157,0.008101271465420723,0.007614985574036837,0.00048628589138388634,0.8269306300342399,0.07822152972221375,2048
2,95,79,16,4,91,0.004049394745379686,0.004529894795268774,0.00434535089880228,0.0001845438964664936,0.38406634194750094,0.058692172169685364,2048
2,95,79,16,8,87,0.004049394745379686,0.004529894795268774,0.004221550188958645,0.00030834460631012917,0.6417160755369399,0.0940154641866684,2048
2,95,79,16,12,83,0.004049394745379686,0.004529894795268774,0.004127786960452795,0.000402107834815979,0.8368528471720165,0.11896210163831711,2048
2,65,61,4,1,64,0.0020888084545731544,0.002138755051419139,0.002124990336596966,1.3764714822173119e-05,0.2755886424978673,0.004217827692627907,2048
2,65,61,4,2,63,0.0020888084545731544,0.002138755051419139,0.002112769987434149,2.598506398499012e-05,0.5202569469371011,0.008357075043022633,2048
2,65,61,4,3,62,0.0020888084545731544,0.002138755051419139,0.0021009889896959066,3.776606172323227e-05,0.7561288277495234,0.012422710657119751,2048
2,65,57,8,2,63,0.00192503840662539,0.0020301099866628647,0.002005488146096468,2.4621840566396713e-05,0.23433397078082516,0.008357075043022633,2048
2,65,57,8,4,61,0.00192503840662539,0.0020301099866628647,0.00197904696688056,5.1063019782304764e-05,0.48598317227258525,0.016428425908088684,2048
2,65,57,8,6,59,0.00192503840662539,0.0020301099866628647,0.0019521366339176893,7.797335274517536e-05,0.7420974607726041,0.024264002218842506,2048
2,65,49,16,4,61,0.0016443041386082768,0.0018879411509260535,0.00183215388096869,5.5787269957363605e-05,0.22897699092041096,0.016428425908088684,2048
2,65,49,16,8,57,0.0016443041386082768,0.0018879411509260535,0.0017730805557221174,0.0001148605952039361,0.4714414862965196,0.031876854598522186,2048
2,65,49,16,12,53,0.0016443041386082768,0.0018879411509260535,0.0017092403722926974,0.0001787007786333561,0.7334713922705471,0.0463782399892807,2048
2,35,31,4,1,34,0.0010608159936964512,0.0011544832959771156,0.001131230965256691,2.3252330720424652e-05,0.24824383914411705,0.004505225457251072,2048
2,35,31,4,2,33,0.0010608159936964512,0.0011544832959771156,0.0011080570984631777,4.642619751393795e-05,0.49564999080283767,0.008978405967354774,2048
2,35,31,4,3,32,0.0010608159936964512,0.0011544832959771156,0.0010841584298759699,7.032486610114574e-05,0.7507941873934247,0.013419972732663155,2048
2,35,27,8,2,33,0.0009334288188256323,0.001129257958382368,0.0010817341972142458,4.752376116812229e-05,0.24267972210720803,0.008978405967354774,2048
2,35,27,8,4,31,0.0009334288188256323,0.001129257958382368,0.001033001346513629,9.625661186873913e-05,0.49153365064371124,0.017828190699219704,2048
2,35,27,8,6,29,0.0009334288188256323,0.001129257958382368,0.0009837322868406773,0.00014552567154169083,0.7431257261870827,0.026535701006650925,2048
2,35,19,16,4,31,0.0006846018368378282,0.001108272117562592,0.0010069652926176786,0.00010130682494491339,0.23911713791113676,0.017828190699219704,2048
2,35,19,16,8,27,0.0006846018368378282,0.001108272117562592,0.0009015684481710196,0.00020670366939157248,0.4878880553952683,0.03508462384343147,2048
2,35,19,16,12,23,0.0006846018368378282,0.001108272117562592,0.0007936639012768865,0.00031460821628570557,0.7425779682906053,0.05170343071222305,2048
3,95,91,4,1,94,0.014217973686754704,0.014840647578239441,0.014670474454760551,0.00017017312347888947,0.27329413647506473,0.017588241025805473,2048
3,95,91,4,2,93,0.014217973686754704,0.014840647578239441,0.014500344172120094,0.0003403034061193466,0.5465194715453843,0.032287757843732834,2048
3,95,91,4,3,92,0.014217973686754704,0.014840647578239441,0.014338692650198936,0.0005019549280405045,0.806128111207001,0.04503055289387703,2048
3,95,87,8,2,93,0.007785968482494354,0.00842333771288395,0.008206442929804325,0.00021689478307962418,0.3402969154112541,0.032287757843732834,2048
3,95,87,8,4,91,0.007785968482494354,0.00842333771288395,0.008030112832784653,0.00039322488009929657,0.6169498955243509,0.05627153068780899,2048
3,95,87,8,6,89,0.007785968482494354,0.00842333771288395,0.007900238037109375,0.0005230996757745743,0.8207168636848489,0.07545493543148041,2048
3,95,79,16,4,91,0.0037771391216665506,0.0043242922984063625,0.004107198677957058,0.00021709362044930458,0.3967693685758115,0.05627153068780899,2048
3,95,79,16,8,87,0.0037771391216665506,0.0043242922984063625,0.003967110067605972,0.00035718223080039024,0.6528011642528421,0.0913967713713646,2048
3,95,79,16,12,83,0.0037771391216665506,0.0043242922984063625,0.0038615232333540916,0.0004627690650522709,0.8457760728168664,0.11741410940885544,2048
3,65,61,4,1,64,0.0016530631110072136,0.0016810873057693243,0.0016732339281588793,7.853377610445023e-06,0.2802356205810756,0.003978254273533821,2048
3,65,61,4,2,63,0.0016530631110072136,0.0016810873057693243,0.0016666161827743053,1.4471122995018959e-05,0.5163796183212449,0.0078801941126585,2048
3,65,61,4,3,62,0.0016530631110072136,0.0016810873057693243,0.0016588608268648386,2.2226478904485703e-05,0.7931174862706978,0.011711210012435913,2048
3,65,57,8,2,63,0.0014704355271533132,0.0015235019382089376,0.0015106549253687263,1.2847012840211391e-05,0.24209311661844035,0.0078801941126585,2048
3,65,57,8,4,61,0.0014704355271533132,0.0015235019382089376,0.0014963410794734955,2.716085873544216e-05,0.511827692793696,0.015476806089282036,2048
3,65,57,8,6,59,0.0014704355271533132,0.0015235019382089376,0.0014839426148682833,3.955932334065437e-05,0.7454682265809928,0.022808991372585297,2048
3,65,49,16,4,61,0.0012182299979031086,0.0013211192563176155,0.0012953255791217089,2.579367719590664e-05,0.25069358641883116,0.015476806089282036,2048
3,65,49,16,8,57,0.0012182299979031086,0.0013211192563176155,0.0012700529769062996,5.106627941131592e-05,0.49632274737161297,0.029881246387958527,2048
3,65,49,16,12,53,0.0012182299979031086,0.0013211192563176155,0.0012447233311831951,7.63959251344204e-05,0.7425063248745208,0.04326464980840683,2048
3,35,31,4,1,34,0.0008352174190804362,0.0008786092512309551,0.0008678169106133282,1.0792340617626905e-05,0.24871825140247844,0.004144179634749889,2048
3,35,31,4,2,33,0.0008352174190804362,0.0008786092512309551,0.0008575266692787409,2.108258195221424e-05,0.48586521719300413,0.008253753185272217,2048
3,35,31,4,3,32,0.0008352174190804362,0.0008786092512309551,0.0008465583086945117,3.205094253644347e-05,0.7386399916293969,0.01233007200062275,2048
3,35,27,8,2,33,0.0007511295261792839,0.0008475776994600892,0.0008248294470831752,2.2748252376914024e-05,0.2358598571969146,0.008253753185272217,2048
3,35,27,8,4,31,0.0007511295261792839,0.0008475776994600892,0.0008011511527001858,4.642654675990343e-05,0.4813626342588597,0.01637003943324089,2048
3,35,27,8,6,29,0.0007511295261792839,0.0008475776994600892,0.0007767367642372847,7.084093522280455e-05,0.7344974281322441,0.024345146492123604,2048
3,35,19,16,4,31,0.000588168331887573,0.0008212291868403554,0.0007690108614042401,5.2218325436115265e-05,0.22405446614659755,0.01637003943324089,2048
3,35,19,16,8,27,0.000588168331887573,0.0008212291868403554,0.0007128565339371562,0.0001083726529031992,0.46499723398489745,0.032165445387363434,2048
3,35,19,16,12,23,0.000588168331887573,0.0008212291868403554,0.0006526541546918452,0.00016857503214851022,0.7233090781489802,0.04729844257235527,2048
4,95,91,4,1,94,0.01625698432326317,0.01686421036720276,0.016662722453475,0.00020148791372776031,0.33181698271789745,0.019978394731879234,2048
4,95,91,4,2,93,0.01625698432326317,0.01686421036720276,0.016515325754880905,0.00034888461232185364,0.574554757332777,0.03670655936002731,2048
4,95,91,4,3,92,0.01625698432326317,0.01686421036720276,0.016376763582229614,0.00048744678497314453,0.802743541450666,0.05127258598804474,2048
4,95,87,8,2,93,0.009201890788972378,0.009854539297521114,0.009633338078856468,0.00022120121866464615,0.3389285591972328,0.03670655936002731,2048
4,95,87,8,4,91,0.009201890788972378,0.009854539297521114,0.009459149092435837,0.00039539020508527756,0.6058241149811067,0.06423698365688324,2048
4,95,87,8,6,89,0.009201890788972378,0.009854539297521114,0.009320414625108242,0.0005341246724128723,0.8183956071554962,0.08672526478767395,2048
4,95,79,16,4,91,0.004760169889777899,0.0055136834271252155,0.005231958813965321,0.00028172461315989494,0.37388128971336543,0.06423698365688324,2048
4,95,79,16,8,87,0.004760169889777899,0.0055136834271252155,0.005033858120441437,0.00047982530668377876,0.6367839234487609,0.10556170344352722,2048
4,95,79,16,12,83,0.004760169889777899,0.0055136834271252155,0.004879198037087917,0.0006344853900372982,0.8420358209766908,0.13642790913581848,2048
4,65,61,4,1,64,0.0021427576430141926,0.002202209085226059,0.0021865209564566612,1.5688128769397736e-05,0.2638813826162558,0.005310474894940853,2048
4,65,61,4,2,63,0.0021427576430141926,0.002202209085226059,0.0021716845221817493,3.0524563044309616e-05,0.5134368807325078,0.010514101013541222,2048
4,65,61,4,3,62,0.0021427576430141926,0.002202209085226059,0.002158958464860916,4.325062036514282e-05,0.7274948892074159,0.0156148262321949,2048
4,65,57,8,2,63,0.0019224120769649744,0.0020349083933979273,0.0020063198171555996,2.858857624232769e-05,0.2541289986091794,0.010514101013541222,2048
4,65,57,8,4,61,0.0019224120769649744,0.0020349083933979273,0.001976609230041504,5.829916335642338e-05,0.518231753758527,0.020637359470129013,2048
4,65,57,8,6,59,0.0019224120769649744,0.0020349083933979273,0.0019495226442813873,8.538574911653996e-05,0.7590092886946156,0.03042217157781124,2048
4,65,49,16,4,61,0.0015949850203469396,0.0018282325472682714,0.0017681067110970616,6.012583617120981e-05,0.25777695037036186,0.020637359470129013,2048
4,65,49,16,8,57,0.0015949850203469396,0.0018282325472682714,0.0017090447945520282,0.00011918775271624327,0.5109925678073409,0.039803698658943176,2048
4,65,49,16,12,53,0.0015949850203469396,0.0018282325472682714,0.0016525123501196504,0.00017572019714862108,0.7533636024697778,0.05747349187731743,2048
4,35,31,4,1,34,0.0010480359196662903,0.0011199228465557098,0.0011022298131138086,1.7693033441901207e-05,0.246123102036586,0.005057280883193016,2048
4,35,31,4,2,33,0.0010480359196662903,0.0011199228465557098,0.0010837212903425097,3.620155621320009e-05,0.5035902601440638,0.010058394633233547,2048
4,35,31,4,3,32,0.0010480359196662903,0.0011199228465557098,0.0010661419946700335,5.3780851885676384e-05,0.7481311861947453,0.01500584278255701,2048
4,35,27,8,2,33,0.0009289209847338498,0.0010743277380242944,0.0010381630854681134,3.6164652556180954e-05,0.24871370646687502,0.010058394633233547,2048
4,35,27,8,4,31,0.0009289209847338498,0.0010743277380242944,0.0010008090175688267,7.35187204554677e-05,0.5056073311025436,0.019891789183020592,2048
4,35,27,8,6,29,0.0009289209847338498,0.0010743277380242944,0.0009653428569436073,0.00010898488108068705,0.7495173271835166,0.029465600848197937,2048
4,35,19,16,4,31,0.0007082318188622594,0.0010037603788077831,0.0009324747370555997,7.128564175218344e-05,0.24121405310310406,0.019891789183020592,2048
4,35,19,16,8,27,0.0007082318188622594,0.0010037603788077831,0.0008608518401160836,0.0001429085386916995,0.4835692994208159,0.038798484951257706,2048
4,35,19,16,12,23,0.0007082318188622594,0.0010037603788077831,0.0007861371268518269,0.00021762325195595622,0.7363865339988521,0.05664205178618431,2048
